context_id,category,target_word,sentence,wordpieces,hidden_size,h000,h001,h002,h003,h004,h005,h006,h007,h008,h009,h010,h011,h012,h013,h014,h015,h016,h017,h018,h019,h020,h021,h022,h023,h024,h025,h026,h027,h028,h029,h030,h031,h032,h033,h034,h035,h036,h037,h038,h039,h040,h041,h042,h043,h044,h045,h046,h047,h048,h049,h050,h051,h052,h053,h054,h055,h056,h057,h058,h059,h060,h061,h062,h063,h064,h065,h066,h067,h068,h069,h070,h071,h072,h073,h074,h075,h076,h077,h078,h079,h080,h081,h082,h083,h084,h085,h086,h087,h088,h089,h090,h091,h092,h093,h094,h095,h096,h097,h098,h099,h100,h101,h102,h103,h104,h105,h106,h107,h108,h109,h110,h111,h112,h113,h114,h115,h116,h117,h118,h119,h120,h121,h122,h123,h124,h125,h126,h127,pc1,pc2
dog_1,animals,dog,The dog chased a ball across the field.,dog,128,-2.012650489807129,-0.7376041412353516,0.25544053316116333,-0.9600240588188171,0.7491846084594727,-0.6915044784545898,-0.8408281207084656,0.07527842372655869,-0.5252660512924194,-0.04322842136025429,0.15728037059307098,1.497711181640625,-1.079095721244812,-0.8424761295318604,0.8462693095207214,-0.6836551427841187,-0.45881006121635437,-0.9058271646499634,-1.162795901298523,-0.14596392214298248,0.5607770681381226,-1.3886475563049316,-0.0242550577968359,1.5903205871582031,1.1042461395263672,1.2375565767288208,0.885887622833252,1.469482421875,0.06080050393939018,-0.2214340716600418,-0.42627227306365967,-1.5561720132827759,-1.6532368659973145,-0.980495810508728,0.41626203060150146,-0.5837333798408508,-0.43724524974823,-0.346585214138031,-2.0235514640808105,0.43734002113342285,0.18932577967643738,0.08701902627944946,-0.21490687131881714,-0.49855726957321167,0.8183165192604065,-2.457881450653076,-0.15849511325359344,-0.787577211856842,1.4961376190185547,-0.12934236228466034,1.0462684631347656,-0.44225895404815674,1.2576888799667358,0.7089276313781738,-0.3530975878238678,-0.48702114820480347,2.7467336654663086,-1.8105854988098145,1.1782138347625732,0.36517900228500366,0.9997756481170654,-1.208755373954773,-1.0943104028701782,-0.9107730984687805,-0.2634419798851013,1.0930191278457642,0.40795570611953735,-0.8178541660308838,1.006837248802185,0.9751793146133423,-1.6196693181991577,-0.8235258460044861,1.1162998676300049,0.5995638966560364,0.05677742138504982,0.3401610851287842,0.5007349848747253,0.08651953190565109,-0.06409098953008652,0.32167625427246094,0.7665729522705078,-1.2177337408065796,0.6859278678894043,0.4352356791496277,-0.586986780166626,-0.41997724771499634,-2.438084602355957,-0.9206315875053406,0.45348700881004333,-1.6939483880996704,0.7955095171928406,-0.06937183439731598,-1.763331651687622,-0.41730284690856934,1.1710846424102783,0.3969917893409729,0.3962911367416382,0.5348917245864868,0.04349585995078087,1.6301870346069336,0.34542715549468994,-0.2615529000759125,-0.11695393174886703,-0.2982730269432068,1.9389444589614868,-0.3415606915950775,-1.5051566362380981,2.592379331588745,1.0649888515472412,-0.8658087849617004,-0.9989750385284424,2.1833295822143555,1.29435133934021,0.98277348279953,-1.2417389154434204,0.13004498183727264,0.5421250462532043,-0.5763456225395203,-1.3936089277267456,1.510831356048584,-1.0251765251159668,3.0071001052856445,0.6758481860160828,-2.4481301307678223,-2.615018606185913,-2.014080286026001,0.09922667592763901,0.5268563628196716,-4.356333022582449,-1.0422641340275578
cat_1,animals,cat,The cat slept quietly near the window.,cat,128,-2.2270326614379883,-0.7276925444602966,-0.18587973713874817,-0.8419716358184814,0.36625781655311584,-0.37049242854118347,-0.23516494035720825,0.20610857009887695,-0.6965034008026123,0.4461725056171417,-0.10265770554542542,0.7919279932975769,-0.5347529649734497,-1.1164138317108154,0.9645545482635498,0.10462789237499237,-1.0494415760040283,-1.016701579093933,-0.5208488702774048,0.018953518941998482,0.7522614002227783,-0.20346790552139282,0.8585099577903748,2.2880537509918213,0.6117985844612122,0.8455269932746887,1.1803635358810425,1.5184245109558105,-0.5659676790237427,-0.9600343704223633,-0.3923603296279907,-1.4087835550308228,-0.542650043964386,-0.22838659584522247,0.6274529099464417,-1.1087976694107056,-1.2425113916397095,0.06405261158943176,-2.318298578262329,0.5334944128990173,1.2820016145706177,-0.486034095287323,0.11062756925821304,-0.4917614758014679,0.7006186246871948,-1.7557501792907715,-1.5174479484558105,-2.395336627960205,1.0472025871276855,-0.7807865738868713,-0.8143371939659119,0.4451310634613037,1.9075063467025757,1.2544660568237305,-0.6043316721916199,-1.110770344734192,2.0246639251708984,-0.5451764464378357,1.5571215152740479,0.37777388095855713,1.2911274433135986,-1.2867116928100586,-0.9711233377456665,0.7027854323387146,-0.46166667342185974,-0.3218942880630493,-0.15909768640995026,-1.829843521118164,-0.5720672011375427,1.9636138677597046,-1.0383321046829224,-0.12537236511707306,1.0384576320648193,0.26560166478157043,-1.1291171312332153,-1.2210123538970947,0.41184788942337036,-0.386062353849411,1.3042064905166626,0.8811818957328796,0.37923112511634827,-1.0044575929641724,1.0795154571533203,0.16807737946510315,-0.4575057923793793,0.8749297261238098,0.024492807686328888,-1.2545292377471924,0.6547033190727234,-1.0025815963745117,1.5643649101257324,0.6352357864379883,-1.1161279678344727,1.1051088571548462,0.6264877319335938,-0.5928592085838318,1.1699026823043823,-0.7480165362358093,0.4088660180568695,2.04402756690979,1.2048898935317993,-0.8827058672904968,0.44738221168518066,-0.8996524214744568,1.913172960281372,-1.4360202550888062,-1.3079688549041748,0.2988508343696594,0.6802573800086975,-0.868806779384613,-0.8706189393997192,1.5433061122894287,2.4248321056365967,-0.6960103511810303,-0.8347746133804321,-0.6730904579162598,0.4677791893482208,0.18339572846889496,-0.7037026882171631,-0.05390496924519539,-0.5056292414665222,1.971390724182129,1.4161263704299927,-1.7007100582122803,-1.4843071699142456,-2.997453212738037,-0.5501815676689148,0.8270456194877625,-4.158808203524917,0.1918426458687748
wolf_1,animals,wolf,A wolf moved silently through the forest.,wolf,128,-1.6016933917999268,-1.1049854755401611,-0.10748890042304993,-0.5398221611976624,-0.5625467896461487,0.5880431532859802,-0.4619361162185669,-0.07606301456689835,-0.5840340852737427,-0.24709193408489227,-0.14551235735416412,1.0603355169296265,-0.3399674594402313,-0.8880509734153748,0.6726148724555969,-1.9841731786727905,-1.0359899997711182,-1.1240179538726807,-0.18056131899356842,0.23158960044384003,-0.08518868684768677,-0.8616804480552673,-0.01043001003563404,1.8909730911254883,1.6875139474868774,0.4888351261615753,0.15550576150417328,2.8132705688476562,0.3666589558124542,0.07662229239940643,0.7186623215675354,-1.671644926071167,-0.6898055076599121,-1.863582968711853,1.7551319599151611,-1.901039958000183,-0.529296338558197,0.13766443729400635,-1.6979809999465942,0.4660443961620331,0.5600546598434448,-1.032333254814148,-0.8052302598953247,0.20316050946712494,1.137701153755188,-2.3587088584899902,-0.7116332054138184,-1.6548746824264526,0.7736319303512573,0.9704857468605042,0.0285782590508461,0.12816201150417328,1.1643037796020508,0.44596418738365173,-1.1208018064498901,-0.44198161363601685,1.3069641590118408,-0.8032869696617126,0.3951267898082733,1.1034750938415527,-0.4096854031085968,-0.48177194595336914,-1.3539538383483887,0.39422574639320374,0.537936270236969,0.7154685258865356,0.9903983473777771,-0.40433210134506226,-0.8719571828842163,0.5686233639717102,-0.4842565059661865,-0.49602046608924866,1.7180191278457642,0.19611991941928864,0.9397874474525452,-0.6228090524673462,-0.39686745405197144,0.621198296546936,1.2708903551101685,0.6765172481536865,-0.4395991861820221,-0.5406273007392883,1.6409833431243896,0.5710968971252441,-0.4128034710884094,0.49537426233291626,-1.0719019174575806,-1.4691450595855713,0.3701358139514923,-1.993865966796875,0.23772437870502472,-0.14669960737228394,-0.9786530137062073,0.5438656210899353,0.8611515164375305,-0.16033604741096497,1.2681642770767212,-1.0741702318191528,0.4613167941570282,1.455678105354309,1.3464397192001343,-0.6940268874168396,-0.428020715713501,-0.6399694085121155,0.4870505630970001,-1.1380022764205933,-0.23518389463424683,0.7423263788223267,1.4746921062469482,-0.9984890222549438,-1.997642993927002,2.265557289123535,1.1976666450500488,-0.7072508335113525,-1.244615912437439,-0.4818504750728607,0.3948567807674408,-0.350168377161026,-1.6923166513442993,0.4754053056240082,1.0957952737808228,2.7667596340179443,2.1068458557128906,-2.494511365890503,-1.3362953662872314,-1.9993840456008911,-0.07984108477830887,1.2691668272018433,-4.664371814043101,1.0265910165841456
car_1,vehicles,car,The car stopped beside the station.,car,128,-1.5025871992111206,0.6185474991798401,-0.2450559139251709,-0.28152382373809814,0.6658453345298767,0.13121803104877472,-0.39479488134384155,-0.021910186856985092,0.07178914546966553,-0.5710071921348572,0.7427104115486145,0.9968198537826538,-1.9669431447982788,-0.23877142369747162,-0.500686526298523,-1.6078810691833496,-1.1669317483901978,-1.5240074396133423,-1.4436087608337402,0.724311351776123,0.9396428465843201,-0.43657025694847107,0.8830906748771667,2.136507272720337,0.9437434673309326,-0.6686320304870605,0.9371981620788574,0.26106470823287964,0.27311021089553833,-1.19010591506958,-0.34458744525909424,0.05430101603269577,-0.7653655409812927,-0.11144634336233139,1.1891999244689941,-1.056957721710205,0.056783054023981094,-0.8443540930747986,-0.6143319010734558,0.35544031858444214,0.9090241193771362,-1.0529793500900269,-0.33104804158210754,2.11490797996521,0.18422454595565796,-1.278660774230957,0.1302488148212433,-0.3796519637107849,0.9699016809463501,-0.3576374650001526,0.17632637917995453,-0.6470592021942139,1.2988646030426025,0.16649681329727173,-1.4944430589675903,-0.6724974513053894,1.598495364189148,-0.24953165650367737,0.4509785771369934,-0.15582837164402008,1.283484697341919,-1.0534663200378418,-1.6042993068695068,0.018772481009364128,-0.2434694916009903,0.6548613905906677,0.40231195092201233,-1.2416280508041382,-0.41050201654434204,0.6694488525390625,-1.9470020532608032,-0.886594295501709,0.8705477118492126,-0.10837048292160034,-1.861443042755127,-0.5534818768501282,1.1010539531707764,0.2474929541349411,1.2103440761566162,0.3872058391571045,0.0666738748550415,-0.446750283241272,1.9148873090744019,1.2265641689300537,0.6236844658851624,0.1575600653886795,0.09699708223342896,-0.9566953182220459,-0.7701342701911926,-0.6161942481994629,1.8740127086639404,-0.36724743247032166,-2.1261985301971436,0.38805440068244934,0.727657675743103,-1.0607936382293701,0.6096751689910889,0.26254674792289734,-0.4523979723453522,1.4858659505844116,-0.48228514194488525,-0.43023207783699036,0.5527255535125732,-1.5550936460494995,2.4288694858551025,-2.0168561935424805,-1.8672634363174438,2.2251553535461426,-0.5121832489967346,-0.8041800260543823,-0.8800923824310303,2.06233549118042,1.8737801313400269,0.1487935185432434,0.08278194814920425,-0.5710309147834778,0.1563977748155594,-0.05131154507398605,-0.5109887719154358,0.17380747199058533,-0.04300935938954353,2.8228015899658203,1.8271331787109375,-1.3691556453704834,-0.7378443479537964,-3.064871072769165,-1.282570481300354,0.22637228667736053,-4.295664472211789,-1.0696515018975765
truck_1,vehicles,truck,The truck carried equipment down the road.,truck,128,-1.0722017288208008,1.179947018623352,-0.19491909444332123,-0.837283730506897,1.0554825067520142,-0.23754802346229553,-0.9897826313972473,1.3445593118667603,0.6230950355529785,0.1977328062057495,-0.06817324459552765,0.9839461445808411,-1.6492118835449219,-0.20014828443527222,-0.05112600326538086,-2.3197503089904785,-1.0415704250335693,-0.5162818431854248,-1.2535898685455322,0.5516297817230225,0.30714595317840576,-0.20946435630321503,1.0764504671096802,1.1559163331985474,1.6588327884674072,-0.07672957330942154,1.062273621559143,-0.33288586139678955,-0.176593616604805,-0.003964932169765234,0.4559662640094757,-1.5122919082641602,-0.3505687117576599,-0.3521892726421356,1.6618947982788086,-1.310622215270996,-0.33544138073921204,-0.35383784770965576,-1.6551132202148438,1.1864160299301147,0.8389346599578857,-0.6506313681602478,0.12186558544635773,0.3524230420589447,0.2782774269580841,-1.6682173013687134,-0.3309316337108612,-0.6745481491088867,1.4271200895309448,0.4203767776489258,1.3809332847595215,-0.4314478039741516,1.007161021232605,0.7061200737953186,-1.3660118579864502,-0.6273475289344788,1.6186506748199463,-1.2177855968475342,0.6424741744995117,0.9756549596786499,0.27492469549179077,-1.2692358493804932,-1.3026232719421387,-0.7564475536346436,-1.0525275468826294,1.0026686191558838,0.9735860228538513,-1.6320884227752686,-0.6063204407691956,0.6424655914306641,-1.874990463256836,-1.109995722770691,1.193605899810791,0.5562536120414734,-1.2410272359848022,-0.33751145005226135,0.9753928184509277,-0.4378354251384735,2.2959067821502686,1.075464129447937,0.28847768902778625,-0.7198629975318909,0.8495070338249207,0.27463698387145996,0.49003008008003235,0.6989790201187134,0.36083725094795227,-1.424340844154358,0.9737619757652283,-0.6173904538154602,1.8371410369873047,0.20175576210021973,-1.5583988428115845,0.28401148319244385,0.06636621803045273,-0.16599427163600922,0.6853813529014587,-0.13357189297676086,-0.5858737826347351,0.6947356462478638,0.5382389426231384,-0.844421923160553,-0.03991684317588806,-0.8172418475151062,2.2484636306762695,-1.0946884155273438,-1.918001651763916,1.9603532552719116,-0.5774880051612854,-1.3093105554580688,-1.193415880203247,1.7857028245925903,1.0650038719177246,-1.3544095754623413,-0.5820005536079407,-0.6706041097640991,0.3193477988243103,-0.1949853003025055,-0.0572972297668457,1.2267922163009644,-0.5859219431877136,2.544609785079956,0.9852509498596191,-1.637528419494629,-2.020993232727051,-3.768328905105591,-1.2458951473236084,0.4610351026058197,-4.800915016765057,-1.3880268136704095
bus_1,vehicles,bus,The bus arrived at the city terminal.,bus,128,-1.2316731214523315,-0.36481985449790955,-0.7037303447723389,-0.7651030421257019,0.9629007577896118,-0.13716904819011688,-1.164791226387024,1.6867190599441528,0.6718569397926331,-0.4113965928554535,0.47396594285964966,0.9629436731338501,-1.1361557245254517,-0.9112882614135742,-0.7306821942329407,-1.0140248537063599,-0.8203325867652893,-1.893952488899231,-0.9504913687705994,0.15740187466144562,0.2387116253376007,-0.13857689499855042,0.8378064036369324,1.4184155464172363,1.147017240524292,-0.647776186466217,0.6896301507949829,0.9142739772796631,0.42586416006088257,-1.4024804830551147,-0.46200957894325256,0.12025634944438934,-1.1074060201644897,-0.28518107533454895,1.8538477420806885,-1.2214843034744263,-0.8252419233322144,-1.8417887687683105,-2.055260419845581,0.5520938634872437,1.1261450052261353,-0.018476577475667,0.18113335967063904,1.9598172903060913,0.24070224165916443,-0.42426204681396484,-0.6630796790122986,-0.4657313823699951,0.9294034838676453,0.19971491396427155,-0.9007619023323059,0.6182586550712585,1.5643330812454224,0.5865234136581421,-1.0314545631408691,-0.746719479560852,1.280852198600769,0.4382292926311493,1.3519872426986694,0.9137502908706665,0.6831218004226685,-0.9741449952125549,-1.4360432624816895,-0.1596987545490265,0.2048196643590927,0.7696895599365234,-0.4947742521762848,-0.9360787272453308,0.03582846000790596,1.3315538167953491,-1.7696701288223267,-0.32939887046813965,0.03313072770833969,0.17904870212078094,-1.4801867008209229,-0.4855145812034607,1.1510838270187378,-0.43718409538269043,1.8865376710891724,0.8682476878166199,-0.9694876670837402,0.5533040165901184,1.005180835723877,0.26770371198654175,0.3732434809207916,1.4096784591674805,0.096070796251297,-1.1267220973968506,0.5354924201965332,-0.777175784111023,2.2299556732177734,0.221720889210701,-2.1619861125946045,0.9995281100273132,0.6976150274276733,-0.7224900722503662,0.7711309790611267,0.5789612531661987,-0.09240823984146118,1.4893977642059326,-0.6045377254486084,-0.7353360652923584,-0.2401057332754135,-1.4017103910446167,2.461632490158081,-1.5471926927566528,-2.21950101852417,0.18363448977470398,-0.03920592740178108,-1.026122808456421,-1.2481878995895386,1.6912559270858765,2.493086814880371,-0.2004682570695877,-1.0782642364501953,-0.2927248477935791,0.7046345472335815,-0.14120711386203766,-0.4502432942390442,-1.0846343040466309,0.19083888828754425,1.7836804389953613,1.3903428316116333,-0.7963683009147644,-2.180945634841919,-2.8732125759124756,-1.519353985786438,0.9440532922744751,-4.438383922349983,-1.757156480972194
train_1,vehicles,train,The train crossed the bridge before dawn.,train,128,-1.3683958053588867,1.189680576324463,0.08124366402626038,-0.7905661463737488,0.1388549953699112,-0.8212960362434387,-0.26755914092063904,1.102904200553894,0.596975564956665,-0.16937266290187836,0.773340106010437,-0.031751956790685654,-2.1913986206054688,-1.015749454498291,-0.45448264479637146,-0.23751650750637054,-1.0439493656158447,-1.1295284032821655,-0.7579841613769531,0.3679974675178528,1.0221301317214966,0.012127547524869442,0.30315253138542175,1.8517560958862305,0.505990207195282,-0.9852545261383057,0.12953878939151764,-0.06829284131526947,0.16890887916088104,-1.739820957183838,-0.14529135823249817,-0.993416965007782,-1.789125919342041,-1.0708823204040527,1.3120384216308594,-1.1692677736282349,-0.2549978792667389,-0.035958897322416306,-2.056166648864746,0.7272211909294128,1.3265146017074585,-1.9159352779388428,0.1741851419210434,-0.18457746505737305,0.2691398561000824,-0.6468296647071838,-0.2827053964138031,-0.5944940447807312,1.228614091873169,-0.0698605328798294,0.8426122665405273,0.012596889398992062,1.4864566326141357,1.026998519897461,-0.5620699524879456,-0.24286676943302155,0.5364819169044495,0.871366024017334,1.3142149448394775,1.2592331171035767,1.0178378820419312,-0.5175805687904358,-1.3948396444320679,-0.33331266045570374,-0.09723227471113205,0.21728169918060303,-0.4495352804660797,-1.0151784420013428,0.8357945084571838,1.6381398439407349,-2.471409320831299,-0.8979970216751099,0.6936529874801636,0.3096636235713959,-1.7326537370681763,0.17076201736927032,0.8279285430908203,-0.2108362764120102,1.7810876369476318,0.6329415440559387,-0.8472691178321838,-1.1568481922149658,1.8820724487304688,0.9781489968299866,0.8742486834526062,1.2255080938339233,-0.4984891414642334,-0.7261659502983093,-0.18538233637809753,-1.1744756698608398,2.1790225505828857,1.3598294258117676,-2.234290838241577,0.37011465430259705,0.16837675869464874,0.05084633082151413,0.8721522688865662,-0.17689155042171478,-0.9880266189575195,1.6108497381210327,0.15178453922271729,-0.9327130317687988,0.8623531460762024,-0.7570959329605103,3.0016348361968994,-1.447288990020752,-1.7152959108352661,1.3022518157958984,-1.1235326528549194,0.1841713935136795,-2.1714937686920166,1.5147923231124878,0.6999332308769226,-0.0486658550798893,-0.9956937432289124,-0.11618111282587051,0.3654516339302063,-0.1289759874343872,-0.88212651014328,-0.35955309867858887,-0.24395693838596344,1.833282709121704,1.6518921852111816,-0.9645684361457825,-3.028017044067383,-2.0930211544036865,-0.6738661527633667,0.043467722833156586,-4.079365807743064,0.6903776853133943
plane_1,vehicles,plane,The plane landed safely at the airport.,plane,128,-0.9475760459899902,0.5520299077033997,-0.7090348601341248,-0.7266865372657776,-0.12046989053487778,-0.09281616657972336,-1.0513256788253784,0.7206941843032837,-0.37130576372146606,-0.3889029026031494,-0.31105464696884155,0.10523984581232071,-0.9421011805534363,-0.4368921220302582,-1.2467108964920044,-1.0945669412612915,-0.5757864713668823,-0.7980865836143494,-0.6424115300178528,0.29597336053848267,1.6249967813491821,0.9771261215209961,-0.32657524943351746,1.8630768060684204,0.4754432141780853,-0.6753715872764587,0.8343711495399475,0.1643156260251999,-0.12467093020677567,-0.10189507156610489,0.06319575011730194,-0.9421192407608032,-0.8529698848724365,-0.5422097444534302,0.679841160774231,-1.1923540830612183,-0.9958574771881104,-1.2892793416976929,-2.755162000656128,0.8525049090385437,1.3303098678588867,-0.727385401725769,-0.3516235053539276,0.1382274180650711,0.3535959720611572,-0.9983199238777161,-1.0017409324645996,-0.23266519606113434,1.564422607421875,-0.0018180301412940025,1.2703498601913452,0.8871523141860962,1.347943902015686,0.1235048845410347,-0.24119515717029572,-0.5985568761825562,2.1062307357788086,-0.060735613107681274,0.6970409750938416,1.163341999053955,1.6040958166122437,-0.42432576417922974,-0.744269847869873,-0.2864101827144623,-0.9993801116943359,1.1842097043991089,-0.1813492327928543,-0.7890052795410156,-0.787006139755249,2.0878639221191406,-0.7448574304580688,-1.4050614833831787,0.7499940991401672,1.3146899938583374,-0.06342324614524841,-0.18407225608825684,0.15495729446411133,-0.8682314157485962,1.8293416500091553,1.2196240425109863,-0.9519871473312378,-1.3249545097351074,1.3188238143920898,1.2607914209365845,0.6504099369049072,0.45443254709243774,0.3479572832584381,-1.5514081716537476,-0.7533093094825745,-0.7981160283088684,1.901334285736084,0.09406554698944092,-1.9871482849121094,0.5336819887161255,-0.4584987163543701,-0.9934976100921631,0.3392258584499359,0.07338780164718628,0.01033070683479309,1.4816429615020752,0.6739007234573364,0.021014999598264694,-0.4808953106403351,-1.3600817918777466,2.902648448944092,-3.0686943531036377,-0.7998441457748413,1.9430073499679565,-0.22491252422332764,-0.13547615706920624,-1.2160260677337646,1.3098094463348389,0.726564347743988,0.5624121427536011,-2.3228976726531982,-0.9193035364151001,0.19995488226413727,0.5359054803848267,-0.9332813024520874,0.8543841242790222,-0.38601404428482056,2.7638559341430664,0.4740663766860962,-0.11192789673805237,-2.326303720474243,-2.356900691986084,-1.8335514068603516,0.036998994648456573,-3.6550717629302634,-0.7413004014007845
loan_1,finance,loan,The lender approved the loan after reviewing the application.,loan,128,-1.9933078289031982,1.1375318765640259,-0.8065641522407532,-0.6399839520454407,0.26335009932518005,0.08237554132938385,0.5585761666297913,-0.03624619171023369,-1.9190255403518677,-0.16881614923477173,0.41397249698638916,1.407405138015747,0.13138426840305328,-0.7861572504043579,2.167670488357544,-0.3789975047111511,-3.5235350131988525,-1.0397062301635742,-0.3372706472873688,0.6080703139305115,1.2026171684265137,-0.38224002718925476,0.42982217669487,1.1518006324768066,2.564784526824951,-1.0114412307739258,0.617877721786499,0.42299652099609375,-0.2770909368991852,-0.4376601576805115,-0.32181593775749207,-0.7467073202133179,-0.8292917013168335,-0.1250939518213272,1.8306596279144287,-1.7770321369171143,0.3895930349826813,-0.9893037676811218,-1.5641701221466064,0.23608526587486267,-0.33809101581573486,-0.49659526348114014,0.46479809284210205,-0.5604720711708069,-0.33253079652786255,0.40227073431015015,-0.9947841763496399,-0.6227039098739624,1.4687544107437134,-1.1971728801727295,-0.04534400254487991,1.449459433555603,-0.4952622950077057,-0.23825280368328094,-0.8914142847061157,-2.0176944732666016,0.1307256668806076,1.0141572952270508,2.0675137042999268,2.512876272201538,1.3553110361099243,0.007633695378899574,-0.5353942513465881,0.5477581024169922,0.9224705696105957,0.3273352086544037,0.019093681126832962,-0.6032395958900452,-1.594757080078125,-1.325013518333435,-0.8965874910354614,-0.37629178166389465,0.25876572728157043,-0.07973387092351913,-1.3182522058486938,1.232263445854187,2.082636833190918,0.07043127715587616,0.7893771529197693,0.06377280503511429,0.5732424259185791,-0.64693284034729,-1.0361634492874146,0.29279476404190063,-0.6625804901123047,0.7100876569747925,-0.6081302165985107,-1.186156153678894,1.7124249935150146,0.37514638900756836,1.236728549003601,0.7867294549942017,-1.9800162315368652,1.2517204284667969,-0.28626179695129395,0.24784255027770996,1.2862762212753296,-0.3162936270236969,0.07293181866407394,1.7765707969665527,-0.18541330099105835,-0.09467906504869461,-0.02225562557578087,-1.1703523397445679,1.513615369796753,-0.4002254903316498,-0.27215301990509033,-0.5423705577850342,0.45185092091560364,-1.4648704528808594,-1.089018702507019,1.114255666732788,0.6735734343528748,-0.018869096413254738,-0.5045551061630249,-0.5434819459915161,0.9490142464637756,-1.4901260137557983,-1.27129065990448,0.011798267252743244,0.16303615272045135,1.8718271255493164,0.748001217842102,0.6803304553031921,-2.759012222290039,-1.8255120515823364,-1.3096973896026611,-0.28021395206451416,1.6377224619185817,-4.412708612697552
money_1,finance,money,She transferred the money into a savings account.,money,128,-1.9177755117416382,0.8276986479759216,-1.657747507095337,-0.14369213581085205,0.5381786227226257,-0.5700145363807678,1.0277307033538818,0.9940236806869507,-0.3891921043395996,0.2030336558818817,0.019338030368089676,1.3035589456558228,-0.49288859963417053,-0.387245774269104,2.0039005279541016,-0.3604414761066437,-2.562734603881836,-2.0008904933929443,-0.7644672989845276,0.573581874370575,1.003867745399475,-0.5535942912101746,0.008204719051718712,0.9225782155990601,1.1400718688964844,0.6241273283958435,-0.529214084148407,1.4411320686340332,-0.6698315739631653,0.4600733816623688,-0.08859523385763168,-0.7756320238113403,-0.2973565459251404,-1.344622254371643,0.9774628281593323,-1.6562105417251587,0.11354658007621765,-0.9556887745857239,-0.7276157736778259,-0.8163439631462097,0.054186638444662094,0.6434244513511658,0.07462166994810104,-0.7945824265480042,0.08297013491392136,-0.7513372898101807,0.4959304928779602,-0.7402364015579224,2.427058458328247,-0.12108100950717926,-0.13809284567832947,0.1668510138988495,-0.06834287941455841,-0.9806088805198669,-1.1383585929870605,-1.4514508247375488,1.2116252183914185,-0.7550049424171448,1.2088021039962769,2.3520400524139404,1.4395183324813843,-0.8924683332443237,-1.5099080801010132,0.04336823895573616,-0.8282350301742554,-1.0734953880310059,1.0229007005691528,0.08557630330324173,-0.5019384026527405,-0.02989022433757782,-0.9725543856620789,-1.3455628156661987,0.08841381222009659,0.2637651860713959,-1.687057614326477,1.4429177045822144,0.03009629249572754,0.2838936448097229,0.8444703221321106,0.3319215774536133,0.8506302833557129,-0.7143962979316711,-0.08026671409606934,-0.8271017670631409,0.036127589643001556,-0.08648192137479782,-1.1792196035385132,0.6538296341896057,1.3441846370697021,-0.06546486914157867,2.407702684402466,0.6679847240447998,-1.734584093093872,1.6595779657363892,-0.8289306163787842,-0.21630291640758514,0.2563283443450928,1.1382887363433838,-1.0971428155899048,0.9828176498413086,-0.607154130935669,-0.03706696629524231,-0.5681297183036804,-2.098879337310791,1.3603748083114624,-1.4190452098846436,-0.8430222868919373,0.6251162886619568,1.4234400987625122,-0.7128570079803467,0.10487885773181915,1.7419207096099854,0.6738407015800476,-0.12722118198871613,-1.2278785705566406,-1.5848203897476196,0.21429972350597382,0.12256781756877899,-0.9448504447937012,1.0224910974502563,0.37978923320770264,2.6698195934295654,1.8157985210418701,0.38643738627433777,-3.4569482803344727,-1.3159505128860474,-0.8395317792892456,0.43463268876075745,0.603155629569412,-5.200976330303999
credit_1,finance,credit,The customer used credit to finance the purchase.,credit,128,-0.21156807243824005,1.7506585121154785,-0.6860542297363281,-0.38709530234336853,1.2885714769363403,-0.19885534048080444,1.2567455768585205,0.3466617166996002,-0.7651761174201965,-0.15061090886592865,-0.8897668123245239,1.0974059104919434,0.2218143343925476,-0.25679537653923035,1.9099193811416626,-0.35901468992233276,-1.5218751430511475,-1.8453353643417358,-1.0309933423995972,0.8908595442771912,-0.5393408536911011,-0.4709845185279846,2.0294511318206787,2.0650668144226074,0.6981185078620911,0.3117031455039978,0.42226287722587585,-0.11399881541728973,-0.054819121956825256,0.42740598320961,-0.7604244947433472,-1.3967584371566772,-0.8687280416488647,-1.1340276002883911,0.051461197435855865,-1.1869763135910034,1.168026328086853,-1.8266264200210571,0.0645066350698471,-1.6673060655593872,-0.29761797189712524,0.8812677264213562,0.03462465852499008,0.32931992411613464,-0.023864613845944405,-0.9686948657035828,-0.4211747944355011,-0.9519658088684082,0.1394055336713791,0.7551679015159607,0.8110194802284241,1.0971407890319824,-0.5464317798614502,-0.20464463531970978,-1.399373173713684,-1.9450465440750122,0.5339477062225342,-0.9571110606193542,0.4445797801017761,3.2905969619750977,0.3472899794578552,-0.5139455795288086,-1.7849369049072266,-0.5790163278579712,0.08056828379631042,-0.04305347800254822,0.3563423156738281,1.2223126888275146,-0.4076046645641327,-1.6969283819198608,-1.4591374397277832,-0.6156274080276489,-1.1507009267807007,1.2421820163726807,-0.733639657497406,1.2208364009857178,2.154073715209961,0.6708783507347107,1.623750925064087,-0.5426012277603149,-0.5226395726203918,-0.4602069556713104,-0.9124652147293091,0.6437216401100159,-0.09244544804096222,0.5759382843971252,-0.13866017758846283,-0.46137726306915283,1.633402705192566,-0.308703750371933,1.2207595109939575,0.3072306215763092,-1.4907182455062866,1.2389256954193115,-0.3221196234226227,0.49425822496414185,0.4118391275405884,1.9199724197387695,-0.3221229910850525,-0.9672835469245911,-0.13705477118492126,0.09404158592224121,-1.10932457447052,-1.2678667306900024,1.6966090202331543,-1.2751781940460205,-1.484409213066101,0.7629982233047485,-0.25542137026786804,-0.488674134016037,0.05938389152288437,0.9438365697860718,2.050701856613159,-0.2005976289510727,-2.2228052616119385,-0.00853631179779768,0.18633940815925598,-0.46013516187667847,-0.40516385436058044,1.4464917182922363,-0.718228280544281,0.754448652267456,2.062429189682007,-1.0938960313796997,-2.442429542541504,-1.6354342699050903,-1.440293312072754,0.7360644936561584,-0.04039088747721145,-6.097550141884689
investment_1,finance,investment,The investment produced a steady annual return.,investment,128,-2.275756597518921,0.5193278789520264,-0.19434133172035217,-0.438296914100647,0.3417375981807709,-0.5677731037139893,0.4612918794155121,0.23160195350646973,0.41123390197753906,0.8141677379608154,0.7132879495620728,0.63217693567276,-1.4059518575668335,-0.7348046898841858,1.1777979135513306,-0.9366046786308289,-1.5643469095230103,-1.1891753673553467,-0.4487936198711395,0.8769106268882751,-0.12021362036466599,-1.5543338060379028,0.4108831584453583,0.7456324100494385,2.171295642852783,0.2809549570083618,0.22117717564105988,0.006955703720450401,0.07487013936042786,1.0644296407699585,0.06664086878299713,-0.8184667229652405,-0.6444037556648254,-0.4092654585838318,1.0636481046676636,-1.8703426122665405,-0.9244347214698792,-1.5252196788787842,-0.3255555033683777,0.6227152943611145,-0.17039121687412262,-0.21089012920856476,0.22401605546474457,-1.5788990259170532,0.4079883396625519,-1.812088966369629,-0.45278969407081604,-1.216865062713623,1.598840355873108,0.8934555649757385,1.5967532396316528,0.302353173494339,1.0231937170028687,-0.3391721546649933,-1.4191901683807373,-0.619769811630249,-0.16921791434288025,0.6861675977706909,1.1842875480651855,2.5104970932006836,-0.08012264966964722,0.006430233828723431,-0.9386669993400574,-1.4102236032485962,-0.2577250301837921,0.15224699676036835,-0.6771844625473022,0.14987187087535858,-2.3223109245300293,-0.12868712842464447,-0.9267212152481079,-0.23065397143363953,0.48369136452674866,0.2996757924556732,-1.8794000148773193,0.1413695365190506,0.5513715147972107,0.6048778891563416,2.524510383605957,0.481223464012146,0.33526045083999634,-1.2541853189468384,0.45202988386154175,0.0383354015648365,0.8945040106773376,0.7287901639938354,-0.37179771065711975,-1.3290126323699951,1.238200306892395,0.695128858089447,1.6625663042068481,-0.09078547358512878,-1.7612918615341187,0.6875149607658386,-0.28243401646614075,-0.24841977655887604,0.41822338104248047,0.30339017510414124,0.4669398367404938,2.129427194595337,-0.659069299697876,-0.4913652539253235,-0.6995041966438293,-1.4109001159667969,1.6971805095672607,-1.758508324623108,-0.6687891483306885,-0.2789423167705536,0.6402460932731628,-1.2986468076705933,-0.039603091776371,1.9855329990386963,0.6467335820198059,1.7097870111465454,-0.6051703691482544,-0.04277532175183296,1.0455719232559204,-0.09993252903223038,-0.7750230431556702,-1.0611672401428223,-0.5511960983276367,2.9103307723999023,1.4845832586288452,-0.010878825560212135,-3.426582098007202,-2.1755635738372803,-1.0256036520004272,0.1490534096956253,0.2166126588940281,-3.3373678624656353
river_1,geography,river,The river flowed through the broad valley.,river,128,-1.748856544494629,0.2503908574581146,-0.34567952156066895,-0.679118812084198,0.385305792093277,-0.009194368496537209,-0.6507579684257507,0.5096223950386047,-0.04205995425581932,0.041701801121234894,1.857465147972107,0.6523740291595459,-1.773203730583191,-0.9390935301780701,0.9503467082977295,-0.3105810880661011,-1.5135618448257446,-0.9120861291885376,0.5183406472206116,0.2900369167327881,-1.1348706483840942,-0.36771005392074585,0.6129756569862366,1.2380506992340088,0.945138156414032,0.010040922090411186,-0.3201914429664612,-0.29872721433639526,0.4866490960121155,-1.1072235107421875,0.08963006734848022,-2.073932409286499,-1.3588305711746216,-1.1578248739242554,1.899216651916504,-2.6894094944000244,0.5095311403274536,0.7660369277000427,-2.8111820220947266,-0.07418710738420486,1.2880486249923706,-1.6328213214874268,0.2045648992061615,-2.1782467365264893,1.5295357704162598,-1.8134772777557373,-0.5390843152999878,0.38473284244537354,-0.2200036346912384,1.3074283599853516,-0.4277086555957794,0.47411277890205383,0.2154833823442459,1.0794029235839844,-0.6226505041122437,0.052619416266679764,-0.3129729926586151,0.19070661067962646,0.45168235898017883,0.8794958591461182,0.42436957359313965,0.015714898705482483,-1.8803231716156006,1.2215863466262817,0.7574967741966248,0.34528639912605286,0.17470867931842804,0.6637187004089355,0.4876439869403839,1.0401662588119507,-2.5145511627197266,-0.36995333433151245,1.0947747230529785,-0.4136732518672943,-1.2102128267288208,-0.5182841420173645,0.4450066089630127,0.20289862155914307,1.36612069606781,0.2981974184513092,-0.4073292911052704,-0.6296056509017944,1.821413516998291,0.43652307987213135,0.8544576168060303,0.14770744740962982,-1.1571542024612427,-1.0360954999923706,-0.052716951817274094,-1.3500430583953857,2.2187254428863525,1.035140872001648,-0.72369784116745,0.5133588910102844,-0.29273247718811035,-0.3774172067642212,1.6664388179779053,-0.25980958342552185,-1.4463012218475342,2.067049264907837,0.13074088096618652,-0.6899040341377258,0.03997092321515083,-0.21075326204299927,0.9474796056747437,-0.4464395046234131,-0.5942400097846985,1.4240148067474365,-0.7779124975204468,-1.1138150691986084,-2.343240737915039,1.2473832368850708,0.42867133021354675,-0.5201161503791809,-0.0316719226539135,-0.10995267331600189,-0.19259101152420044,1.5564347505569458,-0.5113967061042786,-1.133958339691162,0.8202577233314514,2.254760265350342,0.9463337659835815,-1.0852545499801636,-2.8620336055755615,-1.5409183502197266,-0.2668101489543915,1.9441720247268677,-1.8709814760865806,4.630219603547315
shore_1,geography,shore,Waves reached the rocky shore at sunset.,shore,128,-1.1338638067245483,0.24791710078716278,-0.42486119270324707,-1.1276822090148926,0.09938428550958633,-0.7390394806861877,-1.063625693321228,0.6724897027015686,-2.2429933547973633,0.2624775171279907,2.14554762840271,0.6683083176612854,-0.7102178931236267,0.5839527249336243,0.623320460319519,-1.7341762781143188,-0.14766505360603333,0.02810698188841343,-0.6496348977088928,-0.2717720568180084,-0.8255413174629211,0.8375297784805298,-0.04070249944925308,2.0844027996063232,0.8691757917404175,0.27459102869033813,0.4747670590877533,-0.8215484619140625,-0.08133549243211746,-0.13906286656856537,-0.7145587205886841,-2.4569528102874756,-1.5162956714630127,1.2786272764205933,0.14434368908405304,-1.0621241331100464,0.5010260939598083,0.33369094133377075,-3.5698766708374023,-0.3877007067203522,1.115715503692627,-1.841125726699829,0.5096592903137207,-0.4153519868850708,0.5248029828071594,-1.5681734085083008,-1.5374023914337158,-0.3192611336708069,0.7779973149299622,0.17756101489067078,0.49519383907318115,1.377612590789795,0.9737993478775024,0.7499879598617554,-0.8812795281410217,-1.6753774881362915,0.07167085260152817,0.7632785439491272,1.3553344011306763,0.3671199381351471,0.38428351283073425,-0.49135687947273254,-1.7711236476898193,-0.2861515283584595,-1.0109511613845825,0.9281283020973206,-1.302915096282959,-0.018339740112423897,-0.6331683397293091,1.4784173965454102,-0.797792911529541,-0.9503104090690613,-0.6401123404502869,-0.46053358912467957,0.07942064106464386,-1.3550853729248047,0.006997234653681517,-0.5317864418029785,1.566351294517517,1.3240361213684082,-0.7794445157051086,-0.7946235537528992,0.5736924409866333,0.21513424813747406,0.529691755771637,0.5966064929962158,-0.45644310116767883,-0.2522525191307068,0.08454868197441101,-1.4700661897659302,3.064862012863159,0.897165834903717,-1.1025789976119995,1.6328716278076172,-0.33913424611091614,-1.6105597019195557,1.6022511720657349,0.7366906404495239,0.19997678697109222,1.5687097311019897,0.43013718724250793,-0.7067909240722656,0.8596552014350891,-0.6306307911872864,0.9931458234786987,-1.9204131364822388,1.2350480556488037,1.5100351572036743,0.22843210399150848,-0.4303186535835266,-0.6933521628379822,0.7108805179595947,1.0479317903518677,-0.6372503042221069,-0.7260872721672058,-0.09654748439788818,0.9299362301826477,2.004044771194458,-1.060463309288025,0.06938641518354416,-1.043634295463562,0.7063736319541931,1.8947302103042603,-0.15836402773857117,-2.8016536235809326,-1.9374194145202637,-0.16320203244686127,0.972100019454956,-1.27452351464494,4.419218975571487
water_1,geography,water,Cold water moved rapidly around the stones.,water,128,-2.0537703037261963,0.11837638914585114,-0.8475692868232727,-0.35721880197525024,-0.48972538113594055,-0.6590985059738159,-0.25665226578712463,-0.40861526131629944,-0.39032846689224243,0.6987414956092834,1.6670563220977783,1.291014552116394,-0.7986193895339966,-0.5329417586326599,1.6344655752182007,-1.431397795677185,-1.441031813621521,-0.4064479470252991,-0.6323327422142029,1.1658576726913452,-1.3142344951629639,0.08628787845373154,1.0263817310333252,1.8451728820800781,0.8223398923873901,0.7578089833259583,0.833427906036377,0.9596530795097351,0.46489766240119934,-0.5364303588867188,-0.22255639731884003,-1.656516432762146,-1.0878024101257324,-0.7391557097434998,1.1016253232955933,-1.8968799114227295,0.14618337154388428,0.29001811146736145,-1.6464496850967407,-1.5710458755493164,1.2615784406661987,-1.102181315422058,-0.03299306333065033,-0.923368513584137,0.5100387334823608,-2.1448917388916016,-1.5151299238204956,-1.216942310333252,-0.4733922481536865,1.5181907415390015,0.8767765760421753,0.7119060754776001,0.0933978259563446,1.0638296604156494,0.2685167193412781,-0.3444388210773468,0.4217728078365326,0.04893781989812851,0.5263659954071045,1.4336869716644287,-0.13741368055343628,-0.9811819791793823,-1.7256885766983032,0.3939749300479889,-0.6133086681365967,-0.16283753514289856,0.8073707818984985,-1.5065957307815552,-0.47291138768196106,1.20979642868042,-1.4282060861587524,-0.7276296019554138,0.19477520883083344,-0.06795164197683334,-0.7043893933296204,-0.39831092953681946,0.6553153991699219,0.20996375381946564,1.3064892292022705,0.5065358281135559,0.11510848253965378,-0.5262065529823303,0.5835553407669067,0.8700479865074158,0.8175740838050842,0.828083336353302,0.24396660923957825,-1.074599266052246,-0.7585746645927429,-1.8775434494018555,2.6954803466796875,0.34420672059059143,-0.014808746986091137,0.571280300617218,-0.48452064394950867,-0.8672188520431519,1.0380069017410278,-0.8498163819313049,-0.053248338401317596,2.146699905395508,0.2457544058561325,-0.6747397780418396,-0.17516958713531494,-1.1650440692901611,1.5221190452575684,-1.729745626449585,-0.5691572427749634,0.5279917120933533,-0.1363714188337326,-1.5991562604904175,-1.8515584468841553,1.6547349691390991,1.0926311016082764,-0.44027256965637207,-0.5992175340652466,0.25027137994766235,0.16193990409374237,1.302305817604065,-0.2539450526237488,-1.1426597833633423,0.10873136669397354,3.287682294845581,2.497398614883423,-1.1794896125793457,-1.0567048788070679,-2.257699966430664,0.04644116759300232,1.1596211194992065,-2.7586362836319234,2.9949598753804025
stream_1,geography,stream,The stream curved through the meadow.,stream,128,-1.8265702724456787,0.3871869146823883,0.18397000432014465,-0.9793144464492798,0.3455570638179779,0.12331511080265045,-0.8435333371162415,0.037491798400878906,-0.23936551809310913,-0.26023632287979126,1.2091784477233887,0.45139390230178833,-1.4571572542190552,0.10303900390863419,1.3025457859039307,-1.8624602556228638,-1.5496106147766113,-1.080228328704834,0.2425181269645691,0.5428326725959778,-1.3377373218536377,-0.7879190444946289,0.8221176266670227,0.8962526321411133,1.6204290390014648,-0.027803421020507812,0.24374695122241974,0.1046249195933342,0.1568480283021927,-0.9897872805595398,0.5127652883529663,-1.7489984035491943,-1.333242416381836,-1.2309280633926392,1.9304331541061401,-1.4972633123397827,-0.0713304802775383,0.22629046440124512,-1.7338787317276,-0.4305587410926819,1.0030640363693237,-0.931094229221344,-0.15397323668003082,-1.8780080080032349,1.8442816734313965,-2.5556015968322754,-1.045334815979004,0.22972509264945984,-0.3122122883796692,1.5900092124938965,1.2619118690490723,1.2750455141067505,-0.2040407806634903,0.7594438195228577,-0.5152782201766968,0.4511405825614929,-0.38264450430870056,0.6220595836639404,-0.051674529910087585,1.4347745180130005,0.7199320793151855,0.9459556937217712,-1.714426875114441,1.508224606513977,0.40312036871910095,0.30580657720565796,-0.3864927589893341,0.08835387974977493,0.14764386415481567,0.6841748952865601,-2.0418577194213867,0.19751465320587158,0.43141433596611023,-0.09624086320400238,-1.007275938987732,-0.5706630349159241,-0.03514751046895981,1.0004804134368896,2.1521708965301514,-0.0020620834548026323,0.14202958345413208,-0.8572814464569092,1.0696721076965332,0.6986595392227173,0.5336546301841736,0.18190041184425354,-0.07203026115894318,-1.0977768898010254,0.5089054703712463,-1.3418217897415161,1.5878405570983887,0.38299188017845154,-1.9885103702545166,2.1384589672088623,-0.7238360643386841,-0.06801426410675049,1.4582854509353638,-0.9296458959579468,-0.8028102517127991,1.6093770265579224,1.0065642595291138,-0.8362120389938354,0.6484459638595581,-0.4481060802936554,2.168159246444702,-1.2972251176834106,-0.6355785727500916,0.5169691443443298,0.13474172353744507,-1.5381792783737183,-2.0468223094940186,0.7240134477615356,-0.28284257650375366,-1.3451220989227295,-0.17121772468090057,-0.00941453780978918,1.392635703086853,1.2261888980865479,-0.8730509877204895,-0.3736775815486908,0.7445680499076843,0.656876266002655,1.9857605695724487,-2.3491246700286865,-2.864774703979492,-1.6074275970458984,-0.3456563949584961,0.980955958366394,-2.4213980943630515,3.5697527487093597
bank_fin_1,bank_finance,bank,The bank approved the business loan yesterday.,bank,128,-1.5403212308883667,1.2470192909240723,-0.47477269172668457,-0.4919801354408264,0.20099790394306183,-0.0958235114812851,-0.3933592438697815,-0.9371358752250671,-0.5395734310150146,0.6320318579673767,0.5938499569892883,0.3308280110359192,-0.7609742879867554,-0.9221915602684021,1.1289668083190918,-0.2814362347126007,-2.008732795715332,-1.3291218280792236,-0.37017980217933655,1.8232884407043457,1.3537054061889648,0.011533720418810844,0.898396372795105,1.3572171926498413,1.1921648979187012,0.12476220726966858,0.2082119584083557,0.4743276834487915,-0.12709566950798035,-1.2601255178451538,0.05828169360756874,-2.0182816982269287,-1.7374181747436523,0.12549293041229248,1.6373062133789062,-2.299046277999878,-0.3718273937702179,-0.7515829801559448,-1.0542402267456055,-0.8040159940719604,0.9021037817001343,-0.14955022931098938,-0.3254900276660919,-1.6715830564498901,0.5201751589775085,-1.0797866582870483,-0.1761980801820755,0.07161467522382736,0.8288617730140686,0.18928898870944977,0.06732506304979324,0.7586273550987244,1.1556164026260376,0.31587716937065125,-1.0539348125457764,0.03585803881287575,1.0042822360992432,0.4160619378089905,0.4804946184158325,1.8067413568496704,0.767848014831543,0.0983753502368927,-1.7582790851593018,0.8313977122306824,1.1201140880584717,-0.21074172854423523,-0.21691296994686127,-0.7159831523895264,-1.1204530000686646,-0.5547364354133606,-0.5475408434867859,0.18638652563095093,0.47620081901550293,-0.15139219164848328,-2.2357048988342285,0.3354899287223816,0.7740552425384521,0.9039104580879211,0.9949265122413635,1.2031621932983398,-0.040404900908470154,-1.7952874898910522,0.4233267605304718,0.3125222325325012,0.5725762844085693,0.557806670665741,-1.8411084413528442,-1.9255740642547607,0.07155119627714157,0.5712586641311646,1.415590524673462,0.6486978530883789,-1.5289372205734253,0.06068936362862587,0.8873792886734009,0.10605192929506302,0.5083773732185364,0.3282400071620941,0.021499034017324448,1.0188605785369873,-1.4128464460372925,-0.4677085876464844,-0.8386989831924438,-0.9165997505187988,1.8741480112075806,-2.3039450645446777,-0.18702466785907745,0.06105208769440651,-0.24164815247058868,-0.8483773469924927,0.28198957443237305,1.0325946807861328,0.8607808351516724,0.8282312750816345,-0.287454217672348,-0.8186106085777283,1.208499550819397,0.7430585622787476,0.42320892214775085,-0.003413461148738861,-0.31868216395378113,2.542741298675537,0.08601059764623642,1.8760720491409302,-3.2205705642700195,-3.559171199798584,-1.4770232439041138,0.27825728058815,4.166011903062641,-1.1107487368526812
bank_fin_2,bank_finance,bank,She deposited money at the bank before work.,bank,128,-1.998563289642334,0.983665406703949,-0.4914802312850952,-0.4930759072303772,0.40678495168685913,0.11232423782348633,0.0181723665446043,0.046661924570798874,-1.4116839170455933,1.3192657232284546,1.3879507780075073,0.17798379063606262,-0.1926460564136505,-0.7338042259216309,2.1660103797912598,-0.3507154583930969,-2.086060047149658,-0.7584637403488159,-0.5820283889770508,1.3006013631820679,0.9928500056266785,0.6852008700370789,0.6617951393127441,1.831871747970581,2.024961471557617,-0.18354517221450806,-0.41568559408187866,0.9021096229553223,0.16443473100662231,0.24182800948619843,-0.26737654209136963,-1.9759421348571777,-1.4765286445617676,0.5449167490005493,1.121978759765625,-1.9485907554626465,-0.2789818346500397,-0.5465036630630493,-0.7874435186386108,-0.1378074288368225,1.3312644958496094,-0.6488787531852722,-0.15602067112922668,-0.8585816025733948,-0.6607586145401001,-0.9584006071090698,-0.8206319212913513,1.1091631650924683,1.5647425651550293,-0.02808687649667263,-0.8258925080299377,1.4090687036514282,1.5292423963546753,-0.5055214762687683,-0.974676251411438,-1.536474585533142,1.8549176454544067,0.1410730630159378,0.894273579120636,1.0760987997055054,0.9096169471740723,-0.4214286804199219,-1.3013279438018799,0.8427276611328125,0.01766265369951725,-0.6260339617729187,-0.006266921758651733,-0.7119816541671753,-2.1814968585968018,0.1596585512161255,-0.03514086455106735,-0.16393406689167023,-0.0708666443824768,-0.43757328391075134,-2.010801315307617,0.15334710478782654,0.597457230091095,0.8801642656326294,0.2269664853811264,2.0167338848114014,-0.09328882396221161,-1.5157448053359985,0.4378345012664795,-0.33580607175827026,0.24961154162883759,-0.5691196322441101,-1.7715694904327393,-0.6919463872909546,0.3606952130794525,-0.5245591402053833,1.5325180292129517,0.7775081396102905,-1.3862581253051758,0.9123677611351013,0.650801420211792,-0.13137352466583252,0.051045868545770645,1.0040030479431152,-0.7206034660339355,0.8283872008323669,-0.9678372740745544,-0.6713027954101562,-0.14261658489704132,-0.94677734375,1.2770084142684937,-2.0204696655273438,-0.026513630524277687,0.666906476020813,0.4269994795322418,-0.5719669461250305,-0.4504850506782532,1.028855562210083,0.14744172990322113,0.03974245488643646,-0.5915546417236328,-1.5643413066864014,1.2720410823822021,0.5338816046714783,-0.4198543429374695,0.002351350151002407,-1.003440499305725,2.3386688232421875,0.0804162323474884,1.757529377937317,-2.8495421409606934,-2.771979570388794,-1.4912949800491333,-0.0484335720539093,4.466119649533795,-0.7208345145999282
bank_fin_3,bank_finance,bank,The bank offered customers a lower interest rate.,bank,128,-1.2917213439941406,1.3701258897781372,-0.37259310483932495,-0.4066151976585388,0.599521279335022,0.10963387787342072,-0.04248299449682236,-0.5245506167411804,-0.6427626609802246,1.15171217918396,0.3069611191749573,0.3096645474433899,-0.9073840975761414,-0.8357385396957397,1.5313036441802979,-0.2993665039539337,-1.2940293550491333,-1.457443118095398,-0.36276668310165405,1.5535012483596802,0.8210196495056152,-0.42052367329597473,0.8149045705795288,1.7811000347137451,1.0471688508987427,0.6874819993972778,0.06370039284229279,0.37166664004325867,-0.5195395946502686,-0.31625670194625854,-0.27920031547546387,-1.9580575227737427,-1.803937554359436,-0.058771561831235886,1.3889055252075195,-1.7282929420471191,-0.5868878960609436,-1.4393993616104126,-0.7246689200401306,-0.8041377067565918,0.748829185962677,0.10239677131175995,-0.3691639304161072,-1.55406653881073,0.4145677089691162,-1.1217758655548096,-0.4033595621585846,-0.14762023091316223,0.6116107106208801,0.3117079436779022,-0.37705790996551514,1.2648866176605225,1.1619868278503418,0.3936072289943695,-1.1210767030715942,-0.018068160861730576,0.6984584927558899,-0.5960903763771057,1.0321158170700073,2.062950849533081,0.8011254668235779,0.7726820707321167,-1.6882622241973877,0.9357190132141113,0.40767571330070496,-0.38279464840888977,-0.32897281646728516,-0.7224099040031433,-1.3931156396865845,-0.5657621622085571,-1.0678205490112305,0.5559282898902893,-0.09235704690217972,-0.24034886062145233,-2.152965545654297,0.48935893177986145,0.6383812427520752,1.3224900960922241,0.8045350313186646,1.505445957183838,-0.09409826248884201,-1.6568337678909302,0.4384467899799347,0.1974882036447525,0.7096340656280518,0.08758025616407394,-1.5662312507629395,-1.7855117321014404,-0.15312570333480835,-0.15051689743995667,1.3821810483932495,0.16961854696273804,-1.7878105640411377,-0.02862595207989216,0.9827556610107422,0.14869101345539093,-0.02940257638692856,0.9505608081817627,0.4080600440502167,1.2519811391830444,-1.3450164794921875,0.3098624646663666,-1.12397301197052,-0.7051153779029846,1.7548730373382568,-2.1351869106292725,-0.5317149758338928,0.5824528336524963,-0.0563175231218338,-1.0891497135162354,0.2651854455471039,1.3294850587844849,1.0155317783355713,1.0344030857086182,-0.23329490423202515,-0.9038963317871094,1.322977066040039,0.9118083119392395,0.5018724203109741,-0.557960569858551,-0.4539210796356201,2.61352801322937,0.5547192096710205,0.7241171002388,-2.4599733352661133,-3.8764727115631104,-1.9668490886688232,0.5394520163536072,3.782540219111857,-1.5805474758544962
bank_fin_4,bank_finance,bank,The bank reviewed the company's credit application.,bank,128,-0.9339335560798645,1.1711713075637817,-0.23914051055908203,-0.543443500995636,0.31817448139190674,-0.7979335784912109,-0.05268104746937752,-1.2935330867767334,-0.2933598756790161,1.0929282903671265,0.27502796053886414,0.6639648675918579,-0.8059288859367371,-0.8944026231765747,1.1451972723007202,-0.46083807945251465,-1.5755869150161743,-0.5985106825828552,0.09590303152799606,1.58866548538208,1.1879640817642212,-0.5544506907463074,1.2118723392486572,1.2450531721115112,0.835056722164154,1.1705152988433838,0.2767052948474884,0.6730428338050842,-0.0846356451511383,-0.488097608089447,-0.31250816583633423,-2.4559061527252197,-1.4635359048843384,-0.764721155166626,1.015100121498108,-1.7872196435928345,-0.42193037271499634,-0.6943464875221252,-0.7057340741157532,-0.6695317625999451,0.5142967700958252,0.04563187062740326,-0.20942965149879456,-1.8137317895889282,0.9437397718429565,-1.5875815153121948,-0.7818946242332458,0.12326036393642426,1.1245681047439575,0.27734121680259705,0.279811829328537,0.08273983001708984,1.0279107093811035,0.2531314194202423,-1.2790509462356567,0.12690310180187225,0.9485086798667908,0.3420463502407074,0.465986043214798,2.3865301609039307,0.7338128089904785,0.1556931734085083,-1.8306450843811035,0.8014389872550964,0.8580695390701294,-0.10628212988376617,-0.8216557502746582,-0.7710564732551575,-1.5839687585830688,-0.7024808526039124,-0.5162643194198608,0.09261151403188705,-0.10151737928390503,-0.22208362817764282,-2.0574612617492676,0.5596364736557007,0.287655234336853,1.5216823816299438,0.7296155095100403,1.4266811609268188,0.5135579109191895,-1.7797579765319824,0.5415555238723755,0.15405571460723877,0.5274109840393066,-0.2863856554031372,-1.6668671369552612,-1.729250192642212,0.31988874077796936,0.21789321303367615,1.7145309448242188,0.34649425745010376,-1.898434042930603,0.44962289929389954,1.2704542875289917,0.6398239731788635,0.02928166650235653,0.6524786949157715,0.2858855128288269,1.3196512460708618,-1.7479897737503052,-0.1515691727399826,-0.9068955779075623,-0.512584924697876,1.895112156867981,-2.511082649230957,0.2157425433397293,-0.08700208365917206,-0.02697254903614521,-0.9126147031784058,0.26211270689964294,0.5962680578231812,-0.2191237211227417,0.6281523108482361,-0.6509439945220947,-0.7752841114997864,1.2531343698501587,0.42406532168388367,0.5374010801315308,0.6091388463973999,-0.6290510296821594,2.8297314643859863,0.20424996316432953,1.1841301918029785,-2.8575491905212402,-3.259037733078003,-1.4514254331588745,0.615665078163147,4.335578945994702,-1.4702730543400853
bank_fin_5,bank_finance,bank,Investors met with the bank to discuss financing.,bank,128,-0.9474878907203674,1.0086106061935425,-0.8528897166252136,-0.12599560618400574,1.2256830930709839,-0.7205763459205627,0.30372074246406555,-0.0404379703104496,-1.3981400728225708,0.11567597836256027,1.3459798097610474,1.3512279987335205,-0.10694567859172821,-1.250449538230896,1.2039368152618408,-0.12326228618621826,-2.200742244720459,-1.0865317583084106,0.3351545035839081,1.120345115661621,1.0353467464447021,0.18203993141651154,0.674984872341156,1.9701966047286987,1.5426785945892334,-0.16269628703594208,-0.6171862483024597,0.15106648206710815,-0.49926692247390747,-0.3313487768173218,0.019163936376571655,-2.0675806999206543,-0.7817922830581665,-0.4067252278327942,1.1826575994491577,-2.255643844604492,-0.7008655071258545,-0.36633890867233276,-1.428176999092102,-0.8523280620574951,0.33747002482414246,-0.638740062713623,-0.10153145343065262,-0.8885748982429504,0.017110290005803108,-0.20721274614334106,-0.7851895093917847,0.6467053294181824,0.8997853994369507,0.29775384068489075,0.2675950825214386,1.428628921508789,0.7989194989204407,-0.6540786027908325,-1.594049096107483,-1.035231113433838,0.8204600811004639,-0.04389294236898422,1.523072361946106,1.668105125427246,1.2845367193222046,0.3224022090435028,-1.6085532903671265,0.4485180377960205,1.2446190118789673,-0.6007874608039856,-0.7269447445869446,-0.23079366981983185,-2.250603199005127,-0.6405997276306152,-0.690147876739502,-0.3347393572330475,0.41245871782302856,-0.4409531056880951,-1.64255690574646,0.3624705374240875,0.20979776978492737,0.8044384121894836,1.219175934791565,1.4698187112808228,-0.21230970323085785,-1.948620080947876,0.26673075556755066,-0.04616023972630501,0.4788164794445038,0.10589752346277237,-1.1161634922027588,-1.5268504619598389,-0.16796085238456726,0.3028104603290558,1.759523630142212,0.6027121543884277,-1.6418306827545166,0.47196492552757263,0.12327803671360016,-0.172211155295372,0.263009250164032,1.0259428024291992,0.12594424188137054,0.17345856130123138,-1.3220195770263672,0.11236477643251419,-1.2342935800552368,-0.4414210617542267,1.03252375125885,-1.852887511253357,-0.05990570783615112,0.6004881858825684,0.9578188061714172,-0.630054771900177,-0.32382655143737793,1.1577633619308472,1.319590449333191,0.671228289604187,-0.6262416839599609,-1.3549267053604126,2.1898691654205322,0.09220054745674133,0.15491561591625214,0.280499666929245,-0.8405961990356445,2.0605180263519287,0.2343589812517166,1.8742831945419312,-2.8925321102142334,-2.361049175262451,-2.351478338241577,1.3466289043426514,4.6782989682339435,-1.897610340728326
bank_geo_1,bank_geography,bank,They rested on the bank of the river.,bank,128,-1.1662242412567139,1.5057437419891357,-0.28423887491226196,-0.3664921820163727,0.4221508800983429,0.029804738238453865,-0.9123934507369995,-1.4324567317962646,-1.7961293458938599,0.33113789558410645,1.247880220413208,0.21959468722343445,-0.7579231858253479,-0.603144109249115,1.9096977710723877,-0.3256019949913025,-1.7854149341583252,-0.9777863621711731,-0.16751517355442047,1.178924322128296,0.6991135478019714,0.6377643942832947,0.27568235993385315,1.7414131164550781,0.5990471839904785,-0.61217200756073,-0.6104657053947449,0.06949391961097717,-0.13346655666828156,-0.2774757444858551,-0.47064003348350525,-2.6869635581970215,-1.3927183151245117,0.3857208490371704,1.247634768486023,-1.9846007823944092,0.12674878537654877,0.3104652762413025,-2.081754446029663,-0.803084671497345,0.5730864405632019,-1.2466119527816772,-0.24836653470993042,-2.1190083026885986,0.10787306725978851,-0.8251388072967529,-0.8306998610496521,0.6651688814163208,0.9174134731292725,0.1259521096944809,-1.0934622287750244,1.2292065620422363,1.828419804573059,-0.29253846406936646,-1.1626414060592651,-0.10563669353723526,0.7043666839599609,0.10860436409711838,0.5593055486679077,0.6635198593139648,0.8980376124382019,0.52924644947052,-1.6782875061035156,1.3716459274291992,0.8456661701202393,-0.37021344900131226,-0.4997433125972748,-0.2860046923160553,-1.1123870611190796,0.9539580345153809,-1.1384632587432861,-0.043840233236551285,-0.05237899348139763,-0.8306264281272888,-1.4568405151367188,0.5079205632209778,0.23291563987731934,1.1859101057052612,-0.03510541096329689,1.5486586093902588,-0.36063092947006226,-1.8887609243392944,-0.040257494896650314,-0.0314597450196743,0.576335608959198,-0.16724824905395508,-1.6109497547149658,-0.9706162214279175,-0.47520768642425537,-0.022071145474910736,2.192762851715088,0.5984365344047546,-0.26971420645713806,0.10218028724193573,1.2490522861480713,0.7318913340568542,1.0080679655075073,0.33173492550849915,-0.5856168866157532,0.6651918888092041,-0.971595823764801,-0.5535356998443604,-0.12127930670976639,-0.1916193664073944,1.1452919244766235,-2.15735125541687,0.11736098676919937,1.026476263999939,0.37411749362945557,-0.7337351441383362,-0.5479838848114014,1.097227692604065,0.7598801851272583,0.03101395070552826,-0.5916836857795715,-1.0979154109954834,2.1711020469665527,0.8984601497650146,-0.4647580087184906,1.1662675142288208,-0.6545565128326416,2.096792221069336,1.3947490453720093,1.6573922634124756,-2.8332529067993164,-2.8508057594299316,-1.281989574432373,1.0572373867034912,4.847568482090409,2.1366877156192965
bank_geo_2,bank_geography,bank,Trees grew along the muddy river bank.,bank,128,-1.116312861442566,0.8135921955108643,-0.2749098837375641,-0.7304786443710327,0.9266672134399414,-0.1657005250453949,-0.9179068803787231,-0.9129923582077026,-1.0641608238220215,0.9809468984603882,1.9436591863632202,0.14704738557338715,-1.1851117610931396,-0.321830153465271,2.7366349697113037,-0.9119622707366943,-1.6138336658477783,-1.0704504251480103,-0.7977672815322876,1.8079023361206055,0.2591729164123535,0.1506812423467636,0.6568711996078491,2.1579020023345947,0.7871424555778503,0.03288464620709419,-0.1583521068096161,-0.12254367023706436,-0.33431190252304077,-0.7790751457214355,-0.28485429286956787,-2.572165012359619,-1.5016801357269287,0.5640827417373657,1.166831612586975,-1.8226584196090698,-0.24669335782527924,0.5669053196907043,-0.8583832383155823,-1.0770193338394165,0.6212855577468872,-1.0468429327011108,-0.43412479758262634,-1.4715813398361206,0.4374980032444,-1.5270068645477295,-1.080344557762146,1.009081482887268,-0.15548530220985413,1.441635251045227,0.12690722942352295,0.5203191041946411,1.0806928873062134,0.6376355886459351,-0.462764710187912,-2.0989885330200195,1.2590463161468506,0.7914395332336426,-0.8912090063095093,0.42739778757095337,0.06805375218391418,-0.000347479828633368,-1.9133681058883667,0.5012438297271729,0.6906089186668396,0.21686139702796936,-0.3124297857284546,-0.31648096442222595,-0.6281086206436157,0.8880448341369629,-0.9858154058456421,-0.4158293604850769,0.26839664578437805,-0.8732242584228516,-1.4283841848373413,-0.5343055725097656,-0.21958856284618378,0.4813016951084137,0.39839816093444824,0.5117118954658508,0.20277269184589386,-0.4261293113231659,-0.1064065620303154,0.7147020101547241,0.9555182456970215,-0.6176864504814148,-1.1214780807495117,-1.2515636682510376,-0.17935076355934143,-1.0896600484848022,2.162238121032715,0.5911382436752319,-0.2831425964832306,0.1853446662425995,0.9340596199035645,0.2829796373844147,0.9466466903686523,0.14548182487487793,-0.9180930852890015,0.7624054551124573,-1.0097527503967285,-0.9573887586593628,-0.2939411997795105,-0.11739155650138855,0.46939191222190857,-0.8497107028961182,0.4642183184623718,2.004873037338257,0.15745964646339417,-0.6657501459121704,0.1269722580909729,1.0281634330749512,0.6886003017425537,-0.4249380826950073,-0.3614909052848816,-0.43129903078079224,1.9476052522659302,1.8068660497665405,-0.7122719883918762,-0.08170180022716522,-0.9335372447967529,2.5429787635803223,0.6269367933273315,1.043002963066101,-2.4174892902374268,-3.514812707901001,-1.563610315322876,1.50540292263031,3.504764117808995,3.688017746033241
bank_geo_3,bank_geography,bank,The canoe reached the bank before the storm.,bank,128,-1.4865880012512207,1.0831578969955444,-0.15288327634334564,-0.4481644630432129,0.4344307482242584,-0.15336036682128906,-0.7285718321800232,-0.6472374200820923,-0.9825037717819214,1.1120187044143677,1.1640079021453857,0.3695107698440552,-0.7492840886116028,-0.5209230184555054,1.0481278896331787,-0.7896517515182495,-1.668439269065857,-0.7876896858215332,-0.6461752653121948,0.700989305973053,-0.05226472392678261,0.3330233097076416,0.3530498445034027,1.8472962379455566,1.782985806465149,0.13814857602119446,-0.34806156158447266,0.8379271030426025,0.2162642478942871,-0.48394694924354553,-0.25945422053337097,-2.5745370388031006,-1.8909412622451782,0.4259352385997772,1.4531447887420654,-2.010714292526245,-0.30601590871810913,-1.1284407377243042,-2.04461407661438,-0.2980955243110657,0.7022039294242859,-1.5036494731903076,-0.5060771107673645,-0.11676755547523499,0.2816266715526581,-1.1744495630264282,-0.0006614415906369686,1.0789695978164673,0.6878904700279236,0.15689781308174133,-0.8388770222663879,1.4362165927886963,1.72234046459198,-0.8633840084075928,-1.4072182178497314,-0.8485921025276184,1.2780977487564087,1.2447441816329956,0.4202742278575897,1.6416022777557373,0.2464958131313324,0.45635655522346497,-1.5865521430969238,1.1081204414367676,0.43520283699035645,0.0715717002749443,-0.6513543128967285,-0.28521350026130676,-1.0507886409759521,1.0583680868148804,-1.2609435319900513,-1.1974315643310547,-0.05517756566405296,-0.7114921808242798,-1.1782788038253784,0.10261694341897964,-0.1592072993516922,1.3209456205368042,0.2181677520275116,0.9633952379226685,-1.1781578063964844,-1.1605347394943237,0.38432055711746216,0.2994356155395508,0.8316149711608887,0.6411299109458923,-1.3669620752334595,-1.209994912147522,-0.1686805784702301,-0.3675670623779297,2.0775184631347656,0.8678419589996338,-0.6145175695419312,0.3737936019897461,1.0780704021453857,-0.05154268816113472,1.4157373905181885,0.23545165359973907,-1.3027288913726807,0.6821789145469666,-0.6263737082481384,-0.9590712189674377,-0.20078711211681366,-0.3170372545719147,0.7564811706542969,-2.795163154602051,0.9901294708251953,1.4676133394241333,0.6555090546607971,-0.6746060252189636,-0.40615540742874146,1.3942152261734009,0.042875584214925766,0.3925720155239105,-0.6461294293403625,-1.5069077014923096,1.2920458316802979,0.81013423204422,-1.298710584640503,0.2108289897441864,-0.1801070272922516,2.2165677547454834,1.1449073553085327,1.8556221723556519,-2.7886734008789062,-2.647324562072754,-1.0339232683181763,0.6388618350028992,3.4751759787482066,2.041322513920841
bank_geo_4,bank_geography,bank,Wildflowers covered the steep bank beside the stream.,bank,128,-1.0828685760498047,0.8758937120437622,0.13495498895645142,-0.7077004313468933,0.8541625738143921,-0.1679614633321762,-0.8028128147125244,-1.2817095518112183,-1.4624862670898438,0.26805758476257324,0.9353106021881104,0.47386860847473145,-0.9248513579368591,-0.12279293686151505,2.312497854232788,-1.3410667181015015,-2.095698833465576,-1.304641604423523,-0.5215569734573364,2.0689187049865723,0.4706650376319885,0.6415497660636902,0.31610238552093506,1.7833157777786255,1.2367080450057983,0.6035559177398682,-0.6260449290275574,-0.05697421357035637,-0.561296284198761,-0.12168339639902115,0.24005885422229767,-2.855302572250366,-2.152214288711548,0.6822339296340942,1.0438514947891235,-1.6133086681365967,-0.5050165057182312,0.6372498869895935,-0.013902260921895504,-1.285186529159546,0.3524782061576843,-1.0482349395751953,0.3482643663883209,-1.4640123844146729,0.38431233167648315,-1.4974768161773682,-0.9496394395828247,0.03713149577379227,0.23009666800498962,0.06546749919652939,0.6892384886741638,0.6495078206062317,2.1361584663391113,0.10785237699747086,-1.1262123584747314,-1.0264757871627808,0.7811859846115112,0.486468106508255,0.34598666429519653,1.2665990591049194,0.6994907259941101,0.5161468386650085,-1.5365086793899536,1.2674006223678589,0.5486767292022705,0.49353113770484924,-1.1220576763153076,-0.8525233268737793,-1.1618250608444214,0.9518465399742126,-1.0269320011138916,0.17210786044597626,0.20359352231025696,-1.5073903799057007,-0.8112266063690186,-0.6321911215782166,0.4843461811542511,1.7534699440002441,0.5147745013237,0.6939577460289001,-0.007354107219725847,-1.9727061986923218,-0.1324842870235443,0.18673592805862427,0.9152397513389587,-0.380880743265152,-1.6206802129745483,-0.7993367314338684,-0.8026860952377319,-1.1557221412658691,2.0134263038635254,0.22034507989883423,-0.5175817608833313,0.3082217574119568,0.9797306656837463,0.057959720492362976,0.4230007529258728,0.7039212584495544,-0.7062302231788635,1.1802092790603638,-0.18432475626468658,-0.5601510405540466,0.42486390471458435,-0.45487815141677856,1.018748164176941,-1.434385061264038,0.5524834990501404,1.6082497835159302,0.182989239692688,-0.8241891264915466,-0.855876624584198,0.6205779314041138,0.03579867258667946,-0.34597229957580566,-0.33553215861320496,-0.5979135036468506,1.8596926927566528,0.9209076762199402,-1.1309852600097656,0.33159366250038147,-0.36002758145332336,1.9175269603729248,1.4153305292129517,0.47692397236824036,-3.092107057571411,-2.669494390487671,-1.1279534101486206,1.7149213552474976,3.7616566789738384,3.165591647763247
bank_geo_5,bank_geography,bank,The water rose above the grassy bank after the rain.,bank,128,-1.8290297985076904,0.635635256767273,-0.41643568873405457,-0.9435283541679382,1.0107125043869019,-0.2977485954761505,-1.4110709428787231,-0.7987322807312012,-1.1909584999084473,1.2486649751663208,1.7816721200942993,0.38742631673812866,-0.8972219824790955,-0.19199085235595703,1.876949429512024,-1.0589882135391235,-1.3081824779510498,-0.9217166900634766,-0.8818429708480835,1.8392843008041382,0.28764843940734863,0.2946515679359436,0.4045529365539551,2.1706414222717285,1.1750783920288086,0.15545159578323364,-0.2457616776227951,0.5210873484611511,-0.463549941778183,-0.3475688099861145,-0.03237409144639969,-2.6268222332000732,-2.0887672901153564,0.6272919774055481,1.1622916460037231,-2.090609073638916,-0.031064599752426147,-0.38653814792633057,-0.540231466293335,-0.367051899433136,0.7914237976074219,-1.5298391580581665,0.307660311460495,-0.7086023688316345,0.4990626275539398,-1.0883816480636597,-0.7319493293762207,0.4409227967262268,0.027333633974194527,0.36076897382736206,0.4435371458530426,1.349960207939148,1.5559813976287842,-0.12763752043247223,-0.3206157088279724,-1.672749638557434,1.0418580770492554,0.5959121584892273,0.3463362157344818,1.2568670511245728,0.9852089285850525,0.12554828822612762,-1.2442543506622314,1.5652652978897095,0.4987811744213104,0.5098949670791626,-0.6266900300979614,-0.7136738300323486,-0.38323116302490234,0.5852195620536804,-0.968661904335022,-0.34991875290870667,0.14173613488674164,-1.1596914529800415,-1.0220504999160767,-0.8070468306541443,0.879356324672699,0.9338787198066711,-0.336262583732605,0.9241474866867065,-0.6367453932762146,-1.1185287237167358,-0.28397807478904724,0.2848430871963501,0.9677906632423401,0.12396276742219925,-1.3821392059326172,-1.2566370964050293,-0.9302302002906799,-1.419928789138794,1.7567956447601318,0.6441942453384399,-0.41785547137260437,0.3562597632408142,0.920305073261261,-0.3778097331523895,0.8598543405532837,0.09080289304256439,-0.8282966613769531,1.7032244205474854,-0.9208097457885742,-1.4518877267837524,0.23525607585906982,-0.8895291686058044,0.6931694746017456,-1.702035665512085,0.703768253326416,1.5146276950836182,0.45535749197006226,-0.4222925007343292,-0.48896029591560364,0.8542565703392029,0.5299428701400757,0.37657323479652405,-0.8040292263031006,-1.1060491800308228,1.7797507047653198,0.8483588099479675,-1.2542041540145874,-0.4509718120098114,-0.834397554397583,2.3074541091918945,0.9844498038291931,1.1042052507400513,-3.172468900680542,-2.674982786178589,-0.8560052514076233,1.4627712965011597,3.3396385844139203,3.272434227384413
