scale_factor,condition_number,optimizer,steps_to_threshold,threshold_reached,final_train_loss,balanced_accuracy,elapsed_s
1,244457.74811992064,SGD,400,False,0.455678262505179,0.8795597484276729,0.023344982000004677
1,244457.74811992064,L-BFGS,8,True,0.058645275937597885,0.9738993710691823,0.049282363000003215
3,655263.0465074799,SGD,400,False,0.28431804941327005,0.9172955974842767,0.03443842099999728
3,655263.0465074799,L-BFGS,10,True,0.05684307185810621,0.9683438155136268,0.10748818700000129
10,5397468.498448099,SGD,400,False,0.22442238300050463,0.9117400419287212,0.034301554999998984
10,5397468.498448099,L-BFGS,14,True,0.05648083426185917,0.9627882599580713,0.10902959000000578
30,47503049.886236064,SGD,400,False,0.1923486909365271,0.9117400419287212,0.03516288600000195
30,47503049.886236064,L-BFGS,22,True,0.054670766485933636,0.9572327044025157,0.10781331599999788
100,526485000.3059605,SGD,400,False,0.17162878193524034,0.9211740041928722,0.034732599999998115
100,526485000.3059605,L-BFGS,35,True,0.058001511808158566,0.9627882599580713,0.10851338599999849
