optimizer,seed,steps,train_loss,balanced_accuracy,roc_auc,test_log_loss,elapsed_s
SGD,7,250,0.08816813099098754,0.9755765199161426,0.9983228511530399,0.07495755136651452,0.01467493799999886
Momentum,7,250,0.0638904802534379,0.9850104821802935,0.99958071278826,0.03992306266915168,0.01519083200000182
AdamW,7,250,0.05890179506639101,0.9738993710691823,0.9983228511530399,0.05833823840408129,0.017847990999996455
L-BFGS,7,132,0.04376251165238394,0.9738993710691823,0.9945492662473795,0.1503537074317679,0.03435767999999939
SGD,19,250,0.09183079602145659,0.9811320754716981,0.99958071278826,0.05804623975378675,0.022899458999994238
Momentum,19,250,0.060911547531879655,0.9811320754716981,0.9983228511530399,0.05096684415559131,0.022027688999997963
AdamW,19,250,0.05442491558918102,0.9661425576519916,0.9960167714884696,0.07593389948446294,0.02644502000000415
L-BFGS,19,115,0.03817844427810029,0.9567085953878407,0.9821802935010483,0.20941361031908678,0.03013472199999967
SGD,41,250,0.07896989112079422,0.9811320754716981,0.989937106918239,0.1045550368422674,0.02156086500000498
Momentum,41,250,0.050431320124031634,0.9716981132075472,0.990146750524109,0.09194499099423042,0.02220896800000105
AdamW,41,250,0.04576781077110154,0.9716981132075472,0.989517819706499,0.09360295282698598,0.026634055000002377
L-BFGS,41,112,0.031041954306899645,0.9661425576519916,0.9916142557651992,0.11035349804694458,0.028683617000005768
