compute_flops,N_over_Nopt,parameters_N,training_tokens_D,predicted_loss
5e+23,0.06309573444801933,1905313058.113191,43737344358442.26,2.0365346863269678
5e+23,0.06606934480075961,1995107696.124485,41768839594578.83,2.0329258035312585
5e+23,0.06918309709189366,2089134225.0480072,39888932139541.38,2.029396019726541
5e+23,0.07244359600749903,2187592087.7579613,38093634457574.19,2.025944404977361
5e+23,0.0758577575029184,2290690126.5816298,36379138481594.055,2.0225700476747477
5e+23,0.07943282347242818,2398647026.281954,34741807535769.438,2.019272054301846
5e+23,0.08317637711026708,2511691777.9172287,33178168621643.484,2.0160495492038435
5e+23,0.08709635899560805,2630064164.56185,31684905051438.57,2.0129016743621317
5e+23,0.09120108393559097,2754015269.918352,30258849412916.98,2.009827589172651
5e+23,0.09549925860214359,2883808010.8996105,28896976850874.793,2.0068264702283543
5e+23,0.1,3019717695.310862,27596398651018.49,2.0038975111057375
5e+23,0.10471285480508996,3162032605.8144717,26354356112614.613,2.0010399221553885
5e+23,0.1096478196143185,3311054611.41611,25168214696915.668,1.9982529302964902
5e+23,0.1148153621496883,3467099807.7693872,24035458438950.195,1.9955357788152341
5e+23,0.12022644346174131,3630499187.657111,22953684610823.8,1.9928877271670908
5e+23,0.12589254117941676,3801599343.0713615,21920598625211.055,1.9903080507828832
5e+23,0.13182567385564073,3980763200.381568,20934009168228.242,1.987796040878619
5e+23,0.1380384264602885,4168370790.150003,19991823551362.74,1.9853510042690283
5e+23,0.14454397707459277,4364820053.227553,19092043272600.15,1.982972263184762
5e+23,0.15135612484362082,4570527684.839618,18232759777333.58,1.9806591550932018
5e+23,0.15848931924611137,4785930018.452549,17412150410063.41,1.9784110325228375
5e+23,0.16595869074375605,5011483951.295431,16628474548300.666,1.9762272628911652
5e+23,0.17378008287493754,5247667913.50037,15880069910473.281,1.974107228336062
5e+23,0.18197008586099836,5494982882.916936,15165349030004.07,1.9720503255505948
5e+23,0.19054607179632474,5753953447.753358,14482795888081.262,1.9700559656212187
5e+23,0.19952623149688797,6025128919.298441,13830962697979.342,1.968123573869324
5e+23,0.20892961308540398,6309084497.084462,13208466834109.309,1.9662525896960907
5e+23,0.21877616239495523,6606422488.962491,12613987899284.422,1.9644424664306102
5e+23,0.22908676527677735,6917773588.678105,12046264923980.727,1.9626926711812334
5e+23,0.23988329190194904,7243798213.657363,11504093691651.674,1.9610026846901074
5e+23,0.251188643150958,7585187905.8407345,10986324184423.32,1.9593720011908637
5e+23,0.26302679918953814,7942666798.53625,10491858143752.271,1.9578001282694169
5e+23,0.2754228703338167,8316993152.403353,10019646740872.04,1.9562865867278412
5e+23,0.2884031503126606,8708960963.825396,9568688352086.643,1.954830910451288
5e+23,0.3019951720402016,9119401649.082449,9138026434192.416,1.9534326462779061
5e+23,0.31622776601683794,9549185807.896685,8726747495521.655,1.9520913538717333
5e+23,0.3311311214825911,9999225070.09111,8333979158304.316,1.9508066055985267
5e+23,0.34673685045253166,10470474029.27866,7958888308237.788,1.9495779864044942
5e+23,0.3630780547701014,10963932267.683216,7600679327339.776,1.9484050936978972
5e+23,0.38018939632056115,11480646476.387527,7258592406335.884,1.9472875372334941
5e+23,0.3981071705534973,12021712675.505352,6931901933002.262,1.9462249389997908
5e+23,0.4168693834703354,12588278538.987013,6619914953044.82,1.9452169331090696
5e+23,0.436515832240166,13181545828.989769,6321969700250.246,1.9442631656901646
5e+23,0.4570881896148751,13802772944.976448,6037434192791.145,1.9433632947839574
5e+23,0.4786300923226384,14453277592.949429,5765704892707.855,1.942516990241563
5e+23,0.5011872336272724,15134439580.481733,5506205425723.521,1.9417239336251748
5e+23,0.5248074602497725,15847703743.4739,5258385358676.968,1.9409838181115489
5e+23,0.5495408738576245,16594583010.84463,5021719031980.174,1.9402963483980928
5e+23,0.5754399373371568,17376661613.65586,4795704444623.809,1.9396612406115379
5e+23,0.6025595860743578,18195598445.479267,4579862189365.783,1.9390782222191678
5e+23,0.6309573444801934,19053130581.131912,4373734435844.2246,1.938547031942578
5e+23,0.6606934480075961,19951076961.24485,4176883959457.883,1.938067419673943
5e+23,0.6918309709189366,20891342250.480072,3988893213954.138,1.937639146394766
5e+23,0.7244359600749899,21875920877.5796,3809363445757.421,1.9372619840970906
5e+23,0.7585775750291835,22906901265.816288,3637913848159.407,1.9369357157071458
5e+23,0.7943282347242817,23986470262.819534,3474180753576.9443,1.936660135011411
5e+23,0.8317637711026713,25116917779.1723,3317816862164.347,1.9364350465850717
5e+23,0.8709635899560805,26300641645.6185,3168490505143.8574,1.9362602657228487
5e+23,0.9120108393559097,27540152699.18352,3025884941291.698,1.9361356183721783
5e+23,0.9549925860214359,28838080108.996105,2889697685087.4795,1.9360609410687277
5e+23,1,30197176953.10862,2759639865101.8486,1.9360360808742203
5e+23,1.0471285480508996,31620326058.14472,2635435611261.461,1.9360608953165543
5e+23,1.0964781961431846,33110546114.161087,2516821469691.568,1.9361352523322004
5e+23,1.1481536214968828,34670998077.69387,2403545843895.02,1.936259030210854
5e+23,1.2022644346174132,36304991876.57111,2295368461082.3794,1.936432117542327
5e+23,1.2589254117941675,38015993430.713615,2192059862521.1055,1.936654413165666
5e+23,1.3182567385564075,39807632003.81568,2093400916822.8237,1.9369258261204751
5e+23,1.3803842646028845,41683707901.500015,1999182355136.2744,1.9372462756004287
5e+23,1.4454397707459272,43648200532.27552,1909204327260.0154,1.937615690908964
5e+23,1.513561248436208,45705276848.39617,1823275977733.358,1.9380340114171275
5e+23,1.5848931924611134,47859300184.525475,1741215041006.3416,1.9385011865235753
5e+23,1.6595869074375613,50114839512.95434,1662847454830.066,1.9390171756167
5e+23,1.7378008287493754,52476679135.0037,1588006991047.3281,1.939581948038877
5e+23,1.8197008586099834,54949828829.16936,1516534903000.4075,1.9401954830528196
5e+23,1.9054607179632472,57539534477.53357,1448279588808.1265,1.9408577698100236
5e+23,1.9952623149688797,60251289192.984406,1383096269797.9346,1.941568807321293
5e+23,2.0892961308540396,63090844970.84462,1320846683410.931,1.9423286044293384
5e+23,2.1877616239495516,66064224889.624886,1261398789928.4426,1.9431371797834285
5e+23,2.2908676527677723,69177735886.781,1204626492398.0735,1.9439945618160928
5e+23,2.39883291901949,72437982136.57362,1150409369165.1675,1.9449007887218575
5e+23,2.511886431509581,75851879058.40738,1098632418442.3314,1.945855908438012
5e+23,2.6302679918953826,79426667985.36253,1049185814375.2267,1.94685997862739
5e+23,2.7542287033381663,83169931524.03351,1001964674087.2043,1.9479130666631599
5e+23,2.8840315031266055,87089609638.25394,956868835208.6646,1.9490152496156157
5e+23,3.019951720402016,91194016490.8245,913802643419.2416,1.950166614240958
5e+23,3.1622776601683795,95491858078.96684,872674749552.1656,1.9513672569720601
5e+23,3.311311214825911,99992250700.91112,833397915830.4315,1.9526172839112104
5e+23,3.467368504525315,104704740292.78654,795888830823.7793,1.9539168108248233
5e+23,3.630780547701014,109639322676.83215,760067932733.9777,1.955265963140115
5e+23,3.801893963205613,114806464763.87532,725859240633.5881,1.9566648759437353
5e+23,3.981071705534973,120217126755.05351,693190193300.2262,1.9581136939823494
5e+23,4.168693834703355,125882785389.87013,661991495304.482,1.9596125716651684
5e+23,4.365158322401658,131815458289.89764,632196970025.0248,1.9611616730684203
5e+23,4.57088189614875,138027729449.76447,603743419279.1145,1.9627611719417546
5e+23,4.786300923226383,144532775929.49423,576570489270.7858,1.9644112517165848
5e+23,5.011872336272722,151344395804.8173,550620542572.3523,1.966112105516356
5e+23,5.248074602497723,158477037434.73892,525838535867.697,1.967863936168739
5e+23,5.495408738576246,165945830108.44632,502171903198.0173,1.9696669562197497
5e+23,5.7543993733715695,173766616136.55865,479570444462.38074,1.9715213879497846
5e+23,6.025595860743578,181955984454.79266,457986218936.5784,1.9734274633915796
5e+23,6.309573444801933,190531305811.3191,437373443584.42255,1.975385424350082
5e+23,6.606934480075961,199510769612.4485,417688395945.7883,1.9773955224242385
5e+23,6.918309709189366,208913422504.80072,398889321395.4139,1.9794580190307005
5e+23,7.2443596007499025,218759208775.7961,380936344575.74194,1.9815731854294387
5e+23,7.58577575029184,229069012658.163,363791384815.94055,1.9837413027512758
5e+23,7.943282347242818,239864702628.19534,347418075357.6944,1.9859626620273318
5e+23,8.317637711026704,251169177791.72272,331781686216.435,1.988237564220384
5e+23,8.70963589956081,263006416456.18515,316849050514.38556,1.9905663202581425
5e+23,9.120108393559091,275401526991.8351,302588494129.17,1.9929492510684446
5e+23,9.549925860214355,288380801089.96094,288969768508.74805,1.9953866876163668
5e+23,10.000000000000005,301971769531.08636,275963986510.18475,1.9978789709432596
5e+23,10.47128548050899,316203260581.447,263543561126.14624,2.000426452207703
5e+23,10.964781961431857,331105461141.6112,251682146969.15652,2.003029492728393
5e+23,11.481536214968823,346709980776.93854,240354584389.5021,2.005688464028957
5e+23,12.022644346174125,363049918765.71094,229536846108.2381,2.0084037478847003
5e+23,12.589254117941667,380159934307.1359,219205986252.1107,2.0111757363712943
5e+23,13.182567385564068,398076320038.1566,209340091682.2825,2.014004831915404
5e+23,13.80384264602886,416837079015.0006,199918235513.6272,2.016891447347266
5e+23,14.454397707459272,436482005322.7552,190920432726.00153,2.0198360059552165
5e+23,15.13561248436208,457052768483.9617,182327597773.3358,2.0228389415421777
5e+23,15.848931924611133,478593001845.25476,174121504100.63416,2.0259006984841097
